time,open,high,low,close,Volume
2019-01-02T10:00:00-02:00,5.9125,5.9375,5.9125,5.93,7600
2019-01-02T10:30:00-02:00,5.93,5.97,5.92,5.9525,46800
2019-01-02T11:00:00-02:00,5.9575,5.9925,5.94,5.98,52800
2019-01-02T11:30:00-02:00,5.9875,6005,5.9825,5.99,57200
2019-01-02T12:00:00-02:00,5995,6035,5.99,6.0175,60400
2019-01-02T12:30:00-02:00,6.02,6.0975,6.0175,6085,118400
2019-01-02T13:00:00-02:00,6.09,6.1425,6.0825,6.1425,65600
2019-01-02T13:30:00-02:00,6.1425,6.1575,6.0875,6135,86000
2019-01-02T14:00:00-02:00,6.1425,6.1875,6.1375,6.1625,83200
2019-01-02T14:30:00-02:00,6.1675,6185,6.15,6.17,95200
2019-01-02T15:00:00-02:00,6.1625,6.17,6.1425,6.17,80400
2019-01-02T15:30:00-02:00,6.1675,6.1725,6.15,6.1625,148000
2019-01-02T16:00:00-02:00,6.16,6.1725,6.15,6.1675,65600
2019-01-02T16:30:00-02:00,6165,6.1725,6.15,6.16,58400
2019-01-02T17:00:00-02:00,6.1575,6.1725,6.15,6.17,64400
2019-01-02T17:30:00-02:00,6.17,6.2325,6.1625,6225,86800
2019-01-03T10:00:00-02:00,6.16,6.18,6115,6.1225,31200
2019-01-03T10:30:00-02:00,6.1275,6.2725,6.1275,6.2575,49600
2019-01-03T11:00:00-02:00,6.27,6375,6.2625,6365,179200
2019-01-03T11:30:00-02:00,6.36,6385,6.36,6.37,483200
2019-01-03T12:00:00-02:00,6.37,6455,6.3675,6.4325,83600
2019-01-03T12:30:00-02:00,6.4325,6.4325,6.39,6.3925,73200
2019-01-03T13:00:00-02:00,6.39,6.43,6.37,6.4125,108000
2019-01-03T13:30:00-02:00,6.4125,6.4125,6.3775,6.4,102400
2019-01-03T14:00:00-02:00,6.4025,6.4125,6.4025,6.4125,39600
2019-01-03T14:30:00-02:00,6.4125,6.4375,6.41,6435,68000
2019-01-03T15:00:00-02:00,6.4375,6.45,6.4325,6.45,27600
2019-01-03T15:30:00-02:00,6.45,6455,6405,6435,53600
2019-01-03T16:00:00-02:00,6.4425,6445,6.42,6425,55200
2019-01-03T16:30:00-02:00,6.4275,6.4625,6.4175,6.45,47200
2019-01-03T17:00:00-02:00,6455,6.4925,6.4425,6455,114400
2019-01-03T17:30:00-02:00,6.4675,6.4975,6.46,6.46,31600
2019-01-04T10:00:00-02:00,6.5375,6.54,6.46,6.49,27200
2019-01-04T10:30:00-02:00,6495,6.4975,6.48,6.4825,30800
2019-01-04T11:00:00-02:00,6.4825,6.5225,6.4825,6.5125,38400
2019-01-04T11:30:00-02:00,6505,6.5775,6.4625,6.5775,22000
2019-01-04T12:00:00-02:00,6.58,6.58,6545,6.5575,23600
2019-01-04T12:30:00-02:00,6.56,6585,6.5475,6585,8400
2019-01-04T13:00:00-02:00,6.5825,6655,6.5825,6.6475,54400
2019-01-04T13:30:00-02:00,6.65,6.6925,6.64,6.6925,40400
2019-01-04T14:00:00-02:00,6.6925,6.6925,6.64,6645,33200
2019-01-04T14:30:00-02:00,6.6525,6.6875,6.6525,6.6775,18800
2019-01-04T15:00:00-02:00,6.6775,6.69,6655,6.6725,96800
2019-01-04T15:30:00-02:00,6675,6.7175,6.67,6.6875,56800
2019-01-04T16:00:00-02:00,6.6875,6.7175,6.6825,6.6825,71200
2019-01-04T16:30:00-02:00,6.6675,6715,6.6675,6705,98800
2019-01-04T17:00:00-02:00,6.7075,6715,6695,6.7025,29200
2019-01-04T17:30:00-02:00,6.7075,6715,6705,6.7075,23200
2019-01-07T10:00:00-02:00,6.75,6.75,6735,6.7475,6000
2019-01-07T10:30:00-02:00,6.75,6.75,6715,6.7175,8800
2019-01-07T11:00:00-02:00,6.7225,6.7225,6.7225,6.7225,800
2019-01-07T11:30:00-02:00,6735,6775,6735,6775,63200
2019-01-07T12:00:00-02:00,6775,6885,6.75,6885,274000
2019-01-07T12:30:00-02:00,6895,6.9,6.84,6.8475,56800
2019-01-07T13:00:00-02:00,6.8475,6.95,6845,6.93,75600
2019-01-07T13:30:00-02:00,6.9325,6.9375,6.9025,6.92,41600
2019-01-07T14:00:00-02:00,6.9125,6915,6875,6.8875,32000
2019-01-07T14:30:00-02:00,6885,6.8975,6865,6875,1838800
2019-01-07T15:00:00-02:00,6875,6875,6.86,6.87,72000
2019-01-07T15:30:00-02:00,6.8725,6.8725,6825,6.8475,101600
2019-01-07T16:00:00-02:00,6.8475,6.85,6845,6.8475,45600
2019-01-07T16:30:00-02:00,6845,6.8575,6.8275,6.8525,2685200
2019-01-07T17:00:00-02:00,6.85,6.8525,6.8375,6.8425,680400
2019-01-07T17:30:00-02:00,6.8425,6.85,6.84,6.85,310000
2019-01-08T10:00:00-02:00,6.6675,6695,6.5675,6695,108000
2019-01-08T10:30:00-02:00,6.7025,6.73,6.67,6.67,48400
2019-01-08T11:00:00-02:00,6.6625,6.6625,6.59,6.59,424400
2019-01-08T11:30:00-02:00,6585,6585,6.5225,6535,42000
2019-01-08T12:00:00-02:00,6525,6.54,6.5075,6.53,44400
2019-01-08T12:30:00-02:00,6525,6.53,6.39,6.4175,286800
2019-01-08T13:00:00-02:00,6.42,6.4875,6.42,6.47,360400
2019-01-08T13:30:00-02:00,6.4675,6.4825,6.45,6455,50400
2019-01-08T14:00:00-02:00,6.4575,6465,6.45,6.4525,113600
2019-01-08T14:30:00-02:00,6.45,6455,6.4225,6.44,62400
2019-01-08T15:00:00-02:00,6.44,6.46,6.44,6.4525,44000
2019-01-08T15:30:00-02:00,6455,6455,6445,6.4475,32800
2019-01-08T16:00:00-02:00,6.45,6455,6.4425,6.45,63200
2019-01-08T16:30:00-02:00,6.45,6.4725,6.44,6.4475,170000
2019-01-08T17:00:00-02:00,6.4475,6.45,6.44,6445,212400
2019-01-08T17:30:00-02:00,6.4475,6.5475,6.4425,6.4575,336400
2019-01-09T10:00:00-02:00,6.62,6.62,6525,6525,13200
2019-01-09T10:30:00-02:00,6.52,6.52,6.4875,6.4875,62400
2019-01-09T11:00:00-02:00,6.4875,6505,6.48,6495,216800
2019-01-09T11:30:00-02:00,6485,6.5025,6.4425,6.4425,249200
2019-01-09T12:00:00-02:00,6.4375,6.46,6.4325,6455,47200
2019-01-09T12:30:00-02:00,6.46,6.48,6.46,6475,44000
2019-01-09T13:00:00-02:00,6.4725,6.4775,6.4675,6.4725,1196800
2019-01-09T13:30:00-02:00,6475,6.48,6.47,6475,384000
2019-01-09T14:00:00-02:00,6475,6.4775,6.45,6.4675,104400
2019-01-09T14:30:00-02:00,6.4675,6.48,6.46,6.47,232000
2019-01-09T15:00:00-02:00,6.47,6.48,6455,6465,42400
2019-01-09T15:30:00-02:00,6465,6.4725,6.45,6.46,83600
2019-01-09T16:00:00-02:00,6.46,6.47,6.45,6.4675,244000
2019-01-09T16:30:00-02:00,6.4675,6.49,6.4675,6.49,69600
2019-01-09T17:00:00-02:00,6.49,6.5175,6.4725,6.4875,88000
2019-01-09T17:30:00-02:00,6.4875,6.5675,6.4875,6.54,311200
2019-01-10T10:00:00-02:00,6.5575,6.5925,6.5375,6.5475,23600
2019-01-10T10:30:00-02:00,6.55,6.55,6.4925,6.5,21200
2019-01-10T11:00:00-02:00,6.5,6.5075,6.49,6495,46400
2019-01-10T11:30:00-02:00,6.4925,6.5075,6485,6.4975,76000
2019-01-10T12:00:00-02:00,6495,6.5025,6495,6.5,66400
2019-01-10T12:30:00-02:00,6.5,6.5025,6495,6.4975,87200
2019-01-10T13:00:00-02:00,6.5,6.5075,6495,6.5025,261200
2019-01-10T13:30:00-02:00,6.5,6505,6495,6.5025,204000
2019-01-10T14:00:00-02:00,6.5025,6.5025,6.4975,6.5,45600
2019-01-10T14:30:00-02:00,6.5025,6.5025,6485,6495,70800
2019-01-10T15:00:00-02:00,6.5,6505,6.48,6505,73600
2019-01-10T15:30:00-02:00,6.5075,6.53,6.5025,6.53,157200
2019-01-10T16:00:00-02:00,6.5275,6.53,6.4925,6.4975,49200
2019-01-10T16:30:00-02:00,6.5,6.5125,6.4975,6.51,30800
2019-01-10T17:00:00-02:00,6.51,6.53,6.51,6.5125,71600
2019-01-10T17:30:00-02:00,6.5125,6.5175,6495,6.5025,116000
2019-01-11T10:00:00-02:00,6.4825,6.5275,6.48,6.5025,23600
2019-01-11T10:30:00-02:00,6505,6535,6495,6.5,41600
2019-01-11T11:00:00-02:00,6505,6.51,6465,6.4925,88400
2019-01-11T11:30:00-02:00,6.4925,6.5025,6475,6.4875,46800
2019-01-11T12:00:00-02:00,6.4875,6.4875,6.47,6.48,39200
2019-01-11T12:30:00-02:00,6.48,6.48,6465,6475,48400
2019-01-11T13:00:00-02:00,6.4775,6.48,6.4625,6.4775,42000
2019-01-11T13:30:00-02:00,6.4775,6485,6.4225,6.44,73600
2019-01-11T14:00:00-02:00,6445,6445,6.4325,6.44,37200
2019-01-11T14:30:00-02:00,6445,6.45,6.4225,6.4275,80400
2019-01-11T15:00:00-02:00,6435,6435,6.3975,6.4325,76000
2019-01-11T15:30:00-02:00,6.4325,6.45,6.4325,6.45,36400
2019-01-11T16:00:00-02:00,6.45,6.45,6425,6.4275,56000
2019-01-11T16:30:00-02:00,6.43,6.4425,6.4125,6.4125,92800
2019-01-11T17:00:00-02:00,6.4175,6485,6.4175,6.4725,94400
2019-01-11T17:30:00-02:00,6475,6475,6.4325,6.4425,122000
2019-01-14T10:00:00-02:00,6475,6.49,6.4475,6485,13600
2019-01-14T10:30:00-02:00,6495,6.51,6.46,6.46,13200
2019-01-14T11:00:00-02:00,6.46,6.4625,6.4475,6.4475,9200
2019-01-14T11:30:00-02:00,6.4425,6.4525,6.4125,6.4175,18800
2019-01-14T12:00:00-02:00,6.42,6425,6.4075,6415,17600
2019-01-14T12:30:00-02:00,6.4175,6.44,6.4175,6435,10400
2019-01-14T13:00:00-02:00,6445,6455,6.4325,6435,14800
2019-01-14T13:30:00-02:00,6445,6455,6.4175,6455,16000
2019-01-14T14:00:00-02:00,6.4475,6455,6425,6.44,13200
2019-01-14T14:30:00-02:00,6.4425,6.4625,6.4425,6.4625,10400
2019-01-14T15:00:00-02:00,6.46,6.4725,6455,6.4675,14000
2019-01-14T15:30:00-02:00,6465,6.4825,6.46,6.4725,328400
2019-01-14T16:00:00-02:00,6.48,6485,6.4725,6.4725,10400
2019-01-14T16:30:00-02:00,6475,6475,6.4525,6.4525,11600
2019-01-14T17:00:00-02:00,6.4475,6.4525,6415,6.4225,62400
2019-01-14T17:30:00-02:00,6.4225,6.4325,6.4125,6.42,532800
2019-01-15T10:00:00-02:00,6.3875,6.3875,6335,6.3675,23200
2019-01-15T10:30:00-02:00,6.3675,6395,6.3525,6395,103200
2019-01-15T11:00:00-02:00,6.3975,6.4225,6.39,6.4075,256000
2019-01-15T11:30:00-02:00,6.41,6.4375,6.41,6.4125,61200
2019-01-15T12:00:00-02:00,6.4125,6.4125,6385,6.3975,38400
2019-01-15T12:30:00-02:00,6.4,6.4025,6.3825,6.3875,254000
2019-01-15T13:00:00-02:00,6.3875,6.41,6.3775,6405,380800
2019-01-15T13:30:00-02:00,6.4075,6.41,6.3925,6.3975,40400
2019-01-15T14:00:00-02:00,6.3975,6.4,6395,6.4,31600
2019-01-15T14:30:00-02:00,6.4,6.4,6.3975,6.4,20800
2019-01-15T15:00:00-02:00,6.4,6.4,6.3875,6395,42800
2019-01-15T15:30:00-02:00,6395,6.3975,6355,6.3675,30000
2019-01-15T16:00:00-02:00,6.3675,6.37,6355,6.3675,28800
2019-01-15T16:30:00-02:00,6.3675,6375,6.3575,6.3625,24800
2019-01-15T17:00:00-02:00,6.3625,6.38,6355,6375,32000
2019-01-15T17:30:00-02:00,6.3775,6.4,6.3725,6.4,21200
2019-01-16T10:00:00-02:00,6.3175,6.3175,6.3175,6.3175,800
2019-01-16T10:30:00-02:00,6.35,6.3575,6.35,6.35,2400
2019-01-16T11:00:00-02:00,6.3425,6.3975,6.34,6.3575,36400
2019-01-16T11:30:00-02:00,6365,6.3975,6.36,6.3975,38000
2019-01-16T12:00:00-02:00,6.4,6.4075,6.3725,6.3825,39600
2019-01-16T12:30:00-02:00,6.3825,6.4175,6345,6.3575,755200
2019-01-16T13:00:00-02:00,6.3575,6.4375,6.3575,6.4375,158400
2019-01-16T13:30:00-02:00,6.4375,6.4825,6.4375,6.4675,64400
2019-01-16T14:00:00-02:00,6.4725,6.49,6.4625,6.4775,286800
2019-01-16T14:30:00-02:00,6.4875,6.5225,6.4875,6515,170800
2019-01-16T15:00:00-02:00,6.5125,6.5175,6495,6515,37200
2019-01-16T15:30:00-02:00,6515,6.5275,6505,6.5275,30000
2019-01-16T16:00:00-02:00,6.5325,6545,6.5175,6.5275,1286400
2019-01-16T16:30:00-02:00,6.5275,6.53,6.49,6.5075,478800
2019-01-16T17:00:00-02:00,6.5075,6.5125,6.47,6485,112800
2019-01-16T17:30:00-02:00,6.49,6.5025,6.4475,6.4675,73200
2019-01-17T10:00:00-02:00,6.5425,6.5475,6.5175,6.5475,453600
2019-01-17T10:30:00-02:00,6.55,6625,6505,6.6175,132800
2019-01-17T11:00:00-02:00,6625,6.6825,6625,6655,98000
2019-01-17T11:30:00-02:00,6.67,6.7375,6.66,6.6725,106800
2019-01-17T12:00:00-02:00,6675,6675,6.6725,6675,111600
2019-01-17T12:30:00-02:00,6675,6675,6.67,6675,96400
2019-01-17T13:00:00-02:00,6675,6675,6.67,6.67,62000
2019-01-17T13:30:00-02:00,6.6675,6675,6.6675,6.6725,31600
2019-01-17T14:00:00-02:00,6.6725,6675,6.62,6.6425,57200
2019-01-17T14:30:00-02:00,6645,6.6725,6645,6.6725,16400
2019-01-17T15:00:00-02:00,6.6725,6675,6.6675,6.6725,22800
2019-01-17T15:30:00-02:00,6.6725,6675,6.67,6.6725,118000
2019-01-17T16:00:00-02:00,6675,6675,6665,6675,58800
2019-01-17T16:30:00-02:00,6.67,6.6725,6.65,6.6675,23200
2019-01-17T17:00:00-02:00,6665,6665,6605,6605,36400
2019-01-17T17:30:00-02:00,6605,6675,6.6025,6675,814800
2019-01-18T10:00:00-02:00,6.6925,6.74,6.66,6.74,846000
2019-01-18T10:30:00-02:00,6.7475,6825,6.7475,6825,36800
2019-01-18T11:00:00-02:00,6825,6.83,6.79,6815,25600
2019-01-18T11:30:00-02:00,6815,6.8425,6.81,6.8425,33200
2019-01-18T12:00:00-02:00,6845,6.8875,6.8175,6.8775,60800
2019-01-18T12:30:00-02:00,6.8825,6.9025,6.8625,6.88,39200
2019-01-18T13:00:00-02:00,6.88,6925,6845,6.9175,67200
2019-01-18T13:30:00-02:00,6.92,6.9375,6.9025,6.9175,52400
2019-01-18T14:00:00-02:00,6.9125,6945,6.9125,6.9325,37600
2019-01-18T14:30:00-02:00,6.9275,6.9475,6.9275,6.9375,24400
2019-01-18T15:00:00-02:00,6.9375,6.9525,6.9275,6.9525,46400
2019-01-18T15:30:00-02:00,6.95,6.9725,6945,6.9725,52400
2019-01-18T16:00:00-02:00,6.9725,7.02,6.9725,7.02,66400
2019-01-18T16:30:00-02:00,7.0175,7075,7015,7045,62000
2019-01-18T17:00:00-02:00,7.04,7055,7.0125,7015,58800
2019-01-18T17:30:00-02:00,7.0125,7015,6.8775,6.8775,92000
2019-01-21T10:00:00-02:00,6.9725,6.9725,6.9375,6945,223200
2019-01-21T10:30:00-02:00,6.93,6.9325,6885,6.8975,27200
2019-01-21T11:00:00-02:00,6905,6.91,6875,6885,485600
2019-01-21T11:30:00-02:00,6885,6.8875,6.87,6875,58400
2019-01-21T12:00:00-02:00,6875,6.8775,6.8725,6.8775,92800
2019-01-21T12:30:00-02:00,6.8725,6.9,6.8675,6.88,92800
2019-01-21T13:00:00-02:00,6.8775,6.88,6.8725,6875,15200
2019-01-21T13:30:00-02:00,6.8725,6875,6.8625,6865,5600
2019-01-21T14:30:00-02:00,6875,6.8775,6.8625,6.8625,71200
2019-01-21T15:00:00-02:00,6.8625,6.87,6.8525,6.87,4000
2019-01-21T15:30:00-02:00,6.8725,6.8725,6.86,6865,3200
2019-01-21T16:00:00-02:00,6.8675,6875,6.8625,6.87,14400
2019-01-21T16:30:00-02:00,6.8725,6.8775,6.85,6.85,774000
2019-01-21T17:00:00-02:00,6855,6.9075,6855,6.89,186400
2019-01-21T17:30:00-02:00,6895,6.9725,6.89,6.9,321200
2019-01-22T10:00:00-02:00,6.9,6985,6.8925,6.8925,214000
2019-01-22T10:30:00-02:00,6.9,6.9,6.8525,6855,45200
2019-01-22T11:00:00-02:00,6.86,6865,6855,6855,9600
2019-01-22T11:30:00-02:00,6855,6.8625,6855,6.8625,243600
2019-01-22T12:00:00-02:00,6.87,6875,6.8625,6.8675,224000
2019-01-22T12:30:00-02:00,6875,6.88,6.8375,6.8675,105200
2019-01-22T13:00:00-02:00,6.87,6.88,6.8525,6.8725,44000
2019-01-22T13:30:00-02:00,6875,6875,6.87,6.87,108800
2019-01-22T14:00:00-02:00,6.87,6875,6865,6.87,217200
2019-01-22T14:30:00-02:00,6.8725,6.8775,6.8625,6875,110400
2019-01-22T15:00:00-02:00,6875,6.88,6865,6.8675,38800
2019-01-22T15:30:00-02:00,6.8725,6.8775,6.8625,6.8725,799600
2019-01-22T16:00:00-02:00,6875,6875,6855,6.8625,49200
2019-01-22T16:30:00-02:00,6.8675,6.8675,6855,6.86,124000
2019-01-22T17:00:00-02:00,6.86,6.8625,6.8275,6.83,210800
2019-01-22T17:30:00-02:00,6.8275,6.8575,6.8275,6.84,70000
2019-01-23T10:00:00-02:00,6.8625,6.89,6.8475,6.8675,8400
2019-01-23T10:30:00-02:00,6.89,7115,6.88,7,1052400
2019-01-23T11:00:00-02:00,7,7.0075,6.97,6.9975,204800
2019-01-23T11:30:00-02:00,7,7,6.9725,6.9875,83200
2019-01-23T12:00:00-02:00,6.9875,7.0125,6985,7,69600
2019-01-23T12:30:00-02:00,7,7005,6.9975,6.9975,85200
2019-01-23T13:00:00-02:00,7,7.0475,6.9975,7.01,82800
2019-01-23T13:30:00-02:00,7.01,7.0125,6.9975,7.0125,160800
2019-01-23T14:00:00-02:00,7.0125,7.0125,6995,7,138800
2019-01-23T14:30:00-02:00,7,7,6.9775,6.9775,53200
2019-01-23T15:00:00-02:00,6.9775,6.9825,6.9325,6945,82000
2019-01-23T15:30:00-02:00,6945,6.9475,6925,6.9375,3446800
2019-01-23T16:00:00-02:00,6.9375,6.98,6.9325,6.9725,368800
2019-01-23T16:30:00-02:00,6.97,7.01,6.97,6.9925,864000
2019-01-23T17:00:00-02:00,7.0075,7.0575,6.9875,7.05,930000
2019-01-23T17:30:00-02:00,7.0425,7075,7,7,149600
2019-01-24T10:00:00-02:00,7.2,7.2,7.0575,7.14,71200
2019-01-24T10:30:00-02:00,7145,7.2475,7.1425,7.2,3964000
2019-01-24T11:00:00-02:00,7.2075,7245,7.1825,7.24,818800
2019-01-24T11:30:00-02:00,7.2425,7335,7.2225,7.3225,482400
2019-01-24T12:00:00-02:00,7.32,7375,7.25,7.3675,1281200
2019-01-24T12:30:00-02:00,7.3675,7.3675,7.3025,7.3225,125200
2019-01-24T13:00:00-02:00,7.33,7.3725,7.3125,7335,160800
2019-01-24T13:30:00-02:00,7345,7.35,7.3275,7.34,3143200
2019-01-24T14:00:00-02:00,7.34,7.3675,7.3375,7.34,137600
2019-01-24T14:30:00-02:00,7.3475,7.3525,7.33,7.33,171200
2019-01-24T15:00:00-02:00,7.33,7355,7.2825,7.2825,289600
2019-01-24T15:30:00-02:00,7.3,7.3,7195,7.2275,228800
2019-01-24T16:00:00-02:00,7.2375,7.3575,7.2375,7.3575,82800
2019-01-24T16:30:00-02:00,7.3575,7.37,7.34,7.3675,101200
2019-01-24T17:00:00-02:00,7.3675,7395,7.3475,7.37,177600
2019-01-24T17:30:00-02:00,7.3775,7.3875,7.32,7.32,96000
2019-01-28T10:00:00-02:00,7.1775,7.3325,7.1775,7.3325,30800
2019-01-28T10:30:00-02:00,7.3275,7.3275,7245,7.2475,25200
2019-01-28T11:00:00-02:00,7245,7.25,7.2225,7.2225,63200
2019-01-28T11:30:00-02:00,7.22,7.22,7.1975,7205,5600
2019-01-28T12:00:00-02:00,7.2075,7.2275,7.2075,7.2275,1600
2019-01-28T12:30:00-02:00,7235,7.25,7.22,7235,43200
2019-01-28T13:00:00-02:00,7.24,7.25,7.2375,7.2475,36800
2019-01-28T13:30:00-02:00,7.2375,7.2775,7235,7.2775,450000
2019-01-28T14:00:00-02:00,7.28,7.3175,7275,7.3175,14800
2019-01-28T14:30:00-02:00,7.3175,7.3175,7295,7.3025,13200
2019-01-28T15:00:00-02:00,7.3025,7.3125,7295,7.2975,41600
2019-01-28T15:30:00-02:00,7.3,7.3,7.2875,7.2925,25600
2019-01-28T16:00:00-02:00,7.29,7.2975,7.2725,7.2725,20000
2019-01-28T16:30:00-02:00,7.2825,7.3,7.2825,7.2875,39200
2019-01-28T17:00:00-02:00,7285,7.3475,7285,7.3225,68400
2019-01-28T17:30:00-02:00,7.3225,7405,7295,7.3225,236400
2019-01-29T10:00:00-02:00,7395,7395,7275,7275,23600
2019-01-29T10:30:00-02:00,7275,7.2975,7.2475,7.25,92000
2019-01-29T11:00:00-02:00,7.2575,7.2825,7.2475,7.2825,24800
2019-01-29T11:30:00-02:00,7275,7275,7.2525,7.2725,20400
2019-01-29T12:00:00-02:00,7.2825,7305,7.24,7305,43200
2019-01-29T12:30:00-02:00,7.31,7.31,7.2625,7.2775,19200
2019-01-29T13:00:00-02:00,7285,7.3175,7.2775,7.3175,55200
2019-01-29T13:30:00-02:00,7315,7.3275,7255,7.2625,47600
2019-01-29T14:00:00-02:00,7.2575,7.2875,7.25,7.2675,194000
2019-01-29T14:30:00-02:00,7.26,7.28,7.25,7.2525,91600
2019-01-29T15:00:00-02:00,7.25,7.2725,7.2325,7.24,557200
2019-01-29T15:30:00-02:00,7235,7245,7.1875,7.2025,171200
2019-01-29T16:00:00-02:00,7.2025,7.2075,7165,7165,82400
2019-01-29T16:30:00-02:00,7.1675,7.2,7.1525,7.19,128000
2019-01-29T17:00:00-02:00,7185,7.21,7.1775,7.2025,118000
2019-01-29T17:30:00-02:00,7.2025,7.2275,7.2,7.2075,101200
2019-01-30T10:00:00-02:00,7.27,7.2825,7.2275,7.2275,10800
2019-01-30T10:30:00-02:00,7.22,7.23,7.2075,7.23,10400
2019-01-30T11:00:00-02:00,7.23,7.2975,7.2125,7.23,12482000
2019-01-30T11:30:00-02:00,7.2325,7325,7225,7.31,102800
2019-01-30T12:00:00-02:00,7.31,7.35,7.3075,7.35,118800
2019-01-30T12:30:00-02:00,7.35,7.35,7.3325,7.3425,51200
2019-01-30T13:00:00-02:00,7.3425,7345,7.32,7.3425,80800
2019-01-30T13:30:00-02:00,7345,7415,7345,7.3975,242400
2019-01-30T14:00:00-02:00,7.3975,7.4075,7.36,7365,125600
2019-01-30T14:30:00-02:00,7.37,7.3775,7.3475,7.3675,102800
2019-01-30T15:00:00-02:00,7.3625,7.3625,7.3125,7.3375,155600
2019-01-30T15:30:00-02:00,7.3325,7.34,7305,7.32,40400
2019-01-30T16:00:00-02:00,7.32,7.3325,7.3075,7.3225,38800
2019-01-30T16:30:00-02:00,7.3275,7.3275,7305,7.32,43600
2019-01-30T17:00:00-02:00,7.3275,7.3475,7.2275,7.2625,152400
2019-01-30T17:30:00-02:00,7.2725,7.3225,7.2525,7.32,155600
2019-01-31T10:00:00-02:00,7325,7375,7325,7365,44400
2019-01-31T10:30:00-02:00,7.36,7.36,7.3125,7.3175,19600
2019-01-31T11:00:00-02:00,7.32,7385,7.32,7.3625,75200
2019-01-31T11:30:00-02:00,7.36,7.3925,7.36,7.3675,103600
2019-01-31T12:00:00-02:00,7365,7365,7.3425,7.3425,102800
2019-01-31T12:30:00-02:00,7345,7375,7.33,7375,69200
2019-01-31T13:00:00-02:00,7375,7.3925,7.3625,7.3725,7022000
2019-01-31T13:30:00-02:00,7.3725,7.41,7.3725,7405,275200
2019-01-31T14:00:00-02:00,7.4,7.4175,7.39,7.4175,126800
2019-01-31T14:30:00-02:00,7.4175,7.45,7.4175,7.4425,116800
2019-01-31T15:00:00-02:00,7.4425,7.4975,7435,7.4975,168000
2019-01-31T15:30:00-02:00,7495,7.5175,7365,7425,312400
2019-01-31T16:00:00-02:00,7425,7425,7.3625,7.4,138800
2019-01-31T16:30:00-02:00,7405,7.4175,7.3775,7.4025,75600
2019-01-31T17:00:00-02:00,7.4025,7425,7.3675,7.4025,796000
2019-01-31T17:30:00-02:00,7.41,7435,7.3525,7.3525,185600
2019-02-01T10:30:00-02:00,7405,7.44,7405,7.4325,10000
2019-02-01T11:00:00-02:00,7435,7.46,7435,7.46,9600
2019-02-01T11:30:00-02:00,7465,7485,7455,7.47,40800
2019-02-01T12:00:00-02:00,7.49,7.5225,7.4775,7.4925,48400
2019-02-01T12:30:00-02:00,7.5,7.5225,7.4875,7.4875,57600
2019-02-01T13:00:00-02:00,7.49,7545,7.49,7.5425,133200
2019-02-01T13:30:00-02:00,7.53,7.55,7.5175,7.5175,128400
2019-02-01T14:00:00-02:00,7.5225,7.5225,7.47,7.4725,62400
2019-02-01T14:30:00-02:00,7.4775,7.4775,7455,7455,53600
2019-02-01T15:00:00-02:00,7.4575,7.4575,7.36,7375,81200
2019-02-01T15:30:00-02:00,7375,7.3925,7.3275,7.36,18000
2019-02-01T16:00:00-02:00,7355,7.3725,7.35,7355,37200
2019-02-01T16:30:00-02:00,7.3625,7.38,7.36,7375,40800
2019-02-01T17:00:00-02:00,7375,7.38,7355,7.36,39600
2019-02-01T17:30:00-02:00,7.36,7.3875,7.36,7.3825,40800
2019-02-04T10:00:00-02:00,7.42,7.42,7375,7.3875,5600
2019-02-04T10:30:00-02:00,7.3825,7.39,7.36,7.36,19200
2019-02-04T11:00:00-02:00,7.3575,7.37,7.3575,7.36,6400
2019-02-04T11:30:00-02:00,7.3575,7.3675,7325,7.3675,25600
2019-02-04T12:00:00-02:00,7365,7.4375,7365,7.42,200000
2019-02-04T12:30:00-02:00,7.4275,7.4775,7.4175,7.46,97600
2019-02-04T13:00:00-02:00,7.4625,7475,7.4225,7465,93600
2019-02-04T13:30:00-02:00,7475,7.4925,7.4525,7.4675,75600
2019-02-04T14:00:00-02:00,7.47,7485,7.4575,7.4625,76400
2019-02-04T14:30:00-02:00,7.46,7.4775,7455,7.4775,54000
2019-02-04T15:00:00-02:00,7.48,7.49,7.48,7.48,69200
2019-02-04T15:30:00-02:00,7485,7.5,7.4775,7.5,88800
2019-02-04T16:00:00-02:00,7.4975,7.4975,7.4775,7485,53200
2019-02-04T16:30:00-02:00,7.4875,7.5225,7455,7.48,195200
2019-02-04T17:00:00-02:00,7.4975,7.6175,7.49,7.61,151600
2019-02-04T17:30:00-02:00,7.62,7655,7.6125,7.6325,141600
2019-02-05T10:00:00-02:00,7.64,7645,7.5825,7.5825,15200
2019-02-05T10:30:00-02:00,7.59,7.6175,7.5525,7.6025,229600
2019-02-05T11:00:00-02:00,7.6,7625,7575,7.6075,320800
2019-02-05T11:30:00-02:00,7595,7.61,7.5175,7.5175,75600
2019-02-05T12:00:00-02:00,7.53,7.54,7.51,7.52,54000
2019-02-05T12:30:00-02:00,7.5275,7555,7525,7.55,52400
2019-02-05T13:00:00-02:00,7555,7575,7.5475,7.5625,67200
2019-02-05T13:30:00-02:00,7.57,7.5775,7525,7525,170400
2019-02-05T14:00:00-02:00,7.53,7.53,7.48,7.5025,144000
2019-02-05T14:30:00-02:00,7.5,7505,7475,7.49,102400
2019-02-05T15:00:00-02:00,7.4975,7.5,7.47,7.4725,213600
2019-02-05T15:30:00-02:00,7485,7485,7.4625,7465,72400
2019-02-05T16:00:00-02:00,7.46,7475,7.46,7.4725,59200
2019-02-05T16:30:00-02:00,7475,7.5,7.4725,7.4975,162000
2019-02-05T17:00:00-02:00,7.4975,7.5375,7.49,7.5375,204400
2019-02-05T17:30:00-02:00,7.5375,7.5375,7.49,7.5275,312800
2019-02-06T10:00:00-02:00,7.52,7.52,7.45,7465,10800
2019-02-06T10:30:00-02:00,7.4725,7.4725,7.3975,7405,5600
2019-02-06T11:00:00-02:00,7.41,7.43,7.4025,7.4275,13200
2019-02-06T11:30:00-02:00,7.39,7.39,7.39,7.39,1200
2019-02-06T12:00:00-02:00,7.3925,7.4075,7.35,7385,45600
2019-02-06T12:30:00-02:00,7395,7.4,7.3725,7.3725,4000
2019-02-06T13:00:00-02:00,7375,7.3775,7.35,7.3675,16800
2019-02-06T13:30:00-02:00,7.3825,7.3875,7.3625,7.3675,18000
2019-02-06T14:00:00-02:00,7.3625,7.3725,7355,7365,24000
2019-02-06T14:30:00-02:00,7.36,7.3925,7355,7.3775,81200
2019-02-06T15:00:00-02:00,7.3875,7.3925,7365,7.37,40800
2019-02-06T15:30:00-02:00,7.3725,7395,7.3675,7.3775,139200
2019-02-06T16:00:00-02:00,7.3775,7.38,7.35,7.36,40400
2019-02-06T16:30:00-02:00,7.3625,7.3625,7.3225,7.3375,148800
2019-02-06T17:00:00-02:00,7335,7365,7.3275,7.3375,145200
2019-02-06T17:30:00-02:00,7.3375,7.3425,7.3025,7.34,298400
2019-02-07T10:00:00-02:00,7.49,7.49,7.3525,7415,45200
2019-02-07T10:30:00-02:00,7425,7.56,7.4025,7.5225,152400
2019-02-07T11:00:00-02:00,7.53,7625,7525,7595,313200
2019-02-07T11:30:00-02:00,7.6,7.6,7555,7.56,193600
2019-02-07T12:00:00-02:00,7.56,7.5725,7.5525,7.5575,160000
2019-02-07T12:30:00-02:00,7.56,7.5725,7.5325,7.5625,184800
2019-02-07T13:00:00-02:00,7565,7.6,7.5525,7.5975,288400
2019-02-07T13:30:00-02:00,7.5975,7.6075,7.5725,7.5775,222800
2019-02-07T14:00:00-02:00,7.5825,7.5825,7.56,7.5725,70800
2019-02-07T14:30:00-02:00,7575,7575,7.5325,7.5475,94000
2019-02-07T15:00:00-02:00,7545,7.5875,7.5325,7.58,110400
2019-02-07T15:30:00-02:00,7.5825,7.5825,7.5525,7.5525,108000
2019-02-07T16:00:00-02:00,7.5525,7.6025,7.5525,7.5975,141200
2019-02-07T16:30:00-02:00,7.5975,7.6025,7595,7.6,554000
2019-02-07T17:00:00-02:00,7.6025,7615,7.5975,7615,106800
2019-02-07T17:30:00-02:00,7615,7635,7.5975,7.5975,205200
2019-02-08T10:00:00-02:00,7865,7975,7765,7.95,477600
2019-02-08T10:30:00-02:00,7.95,7.9925,7.95,7.9925,454000
2019-02-08T11:00:00-02:00,7.99,8.08,7.99,8075,316000
2019-02-08T11:30:00-02:00,8.07,8.0975,8.05,8.09,163200
2019-02-08T12:00:00-02:00,8.0925,8.2025,8.0825,8195,286000
2019-02-08T12:30:00-02:00,8.2,8.2025,8.13,8.1325,231600
2019-02-08T13:00:00-02:00,8.1325,8.1375,8075,8.0975,301200
2019-02-08T13:30:00-02:00,8095,8.1225,8095,8.12,126800
2019-02-08T14:00:00-02:00,8.1175,8.12,8.0875,8.1125,132000
2019-02-08T14:30:00-02:00,8.1075,8.1375,8.1075,8.1275,103600
2019-02-08T15:00:00-02:00,8.1325,8.1375,8075,8085,162000
2019-02-08T15:30:00-02:00,8085,8095,8.0425,8.06,412800
2019-02-08T16:00:00-02:00,8.05,8.05,7.9925,8.04,688000
2019-02-08T16:30:00-02:00,8035,8.0525,8.0175,8025,463200
2019-02-08T17:00:00-02:00,8025,8035,7.9975,8,641600
2019-02-08T17:30:00-02:00,8,8.05,7.99,8025,1498800
2019-02-11T10:00:00-02:00,8075,8075,7955,8025,135200
2019-02-11T10:30:00-02:00,8.02,8.0375,8.0125,8025,183600
2019-02-11T11:00:00-02:00,8025,8035,7.9925,7.9925,124400
2019-02-11T11:30:00-02:00,7.99,8,7975,8,68000
2019-02-11T12:00:00-02:00,7995,8,7995,8,49200
2019-02-11T12:30:00-02:00,8,8,7.98,7995,94000
2019-02-11T13:00:00-02:00,7.99,8.0025,7.99,8,196400
2019-02-11T13:30:00-02:00,7.9975,8.0025,7995,8,102800
2019-02-11T14:00:00-02:00,8.0025,8.0075,7995,8,116400
2019-02-11T14:30:00-02:00,8,8.0075,7.9925,8,137600
2019-02-11T15:00:00-02:00,7995,8,7995,8,113200
2019-02-11T15:30:00-02:00,8,8.0025,7.9975,8,183600
2019-02-11T16:00:00-02:00,8,8.0025,7.9975,8,120000
2019-02-11T16:30:00-02:00,7.9975,8,7995,8,90400
2019-02-11T17:00:00-02:00,7.9975,8,7.9975,8,73600
2019-02-11T17:30:00-02:00,7.9975,8025,7.9925,7.9925,118000
2019-02-12T10:00:00-02:00,8.03,8075,8.02,8075,1149600
2019-02-12T10:30:00-02:00,8.08,8.2675,8.08,8225,262000
2019-02-12T11:00:00-02:00,8225,8.2475,8.1925,8.2175,210800
2019-02-12T11:30:00-02:00,8.2125,8.2625,8.1975,8.2575,233200
2019-02-12T12:00:00-02:00,8.25,8.33,8.25,8.31,212400
2019-02-12T12:30:00-02:00,8315,8.33,8.2825,8.2925,252400
2019-02-12T13:00:00-02:00,8.2925,8.3225,8.29,8.3125,284400
2019-02-12T13:30:00-02:00,8.3175,8.3175,8.2825,8295,386800
2019-02-12T14:00:00-02:00,8295,8.3,8.2875,8.2875,358000
2019-02-12T14:30:00-02:00,8.2925,8.3125,8.2825,8.2875,548000
2019-02-12T15:00:00-02:00,8.2925,8295,8285,8.29,334000
2019-02-12T15:30:00-02:00,8285,8.3175,8285,8.3125,352000
2019-02-12T16:00:00-02:00,8.3125,8.3175,8295,8.3,204800
2019-02-12T16:30:00-02:00,8.2975,8.3025,8.2825,8.2875,297200
2019-02-12T17:00:00-02:00,8.2875,8.29,8.28,8.2825,304000
2019-02-12T17:30:00-02:00,8.2825,8.2875,8.2375,8.2625,823600
2019-02-13T10:00:00-02:00,8.35,8495,8.3225,8.36,1051600
2019-02-13T10:30:00-02:00,8365,8.54,8355,8.54,1490000
2019-02-13T11:00:00-02:00,8.54,8.61,8525,8.5725,1658400
2019-02-13T11:30:00-02:00,8.5675,8.5675,8485,8.49,450000
2019-02-13T12:00:00-02:00,8.49,8.5,8.4875,8.4975,356800
2019-02-13T12:30:00-02:00,8.4975,8.5125,8.4975,8.5025,492800
2019-02-13T13:00:00-02:00,8.5025,8.53,8.4975,8.51,614800
2019-02-13T13:30:00-02:00,8.51,8.5375,8505,8525,232400
2019-02-13T14:00:00-02:00,8525,8525,8.5,8.51,513200
2019-02-13T14:30:00-02:00,8.5125,8.52,8.48,8.5125,581200
2019-02-13T15:00:00-02:00,8.5175,8.5225,8.4975,8.5,402400
2019-02-13T15:30:00-02:00,8.5075,8.5125,8.4975,8.5125,298400
2019-02-13T16:00:00-02:00,8.5125,8.5225,8.48,8.48,309600
2019-02-13T16:30:00-02:00,8485,8.5025,8.4625,8.4875,338800
2019-02-13T17:00:00-02:00,8.4875,8.5,8.4425,8.45,470400
2019-02-13T17:30:00-02:00,8.45,8.47,8.4325,8.4675,752800
2019-02-14T10:00:00-02:00,8.6275,8.6275,8.4925,8.5,164800
2019-02-14T10:30:00-02:00,8.5,8.5,8.4575,8.4975,74800
2019-02-14T11:00:00-02:00,8495,8.5,8.4775,8.5,77200
2019-02-14T11:30:00-02:00,8.4975,8.5025,8475,8.48,78000
2019-02-14T12:00:00-02:00,8.4775,8485,8435,8.46,173200
2019-02-14T12:30:00-02:00,8.46,8.5025,8.46,8.4925,98400
2019-02-14T13:00:00-02:00,8.4925,8.51,8.49,8.5,65600
2019-02-14T13:30:00-02:00,8.5,8.5025,8495,8.5,1526400
2019-02-14T14:00:00-02:00,8.5,8515,8.5,8.51,87200
2019-02-14T14:30:00-02:00,8.5025,8.5425,8495,8.5275,1925200
2019-02-14T15:00:00-02:00,8525,8.6825,8525,8.5725,482400
2019-02-14T15:30:00-02:00,8575,8.5875,8.5725,8575,233600
2019-02-14T16:00:00-02:00,8575,8.5825,8.5,8535,565200
2019-02-14T16:30:00-02:00,8.5425,8565,8.54,8.55,157200
2019-02-14T17:00:00-02:00,8.55,8.5625,8.5375,8.5425,842000
2019-02-14T17:30:00-02:00,8.54,8575,8535,8565,745200
2019-02-15T10:00:00-02:00,8.6225,8.6225,8.5625,8.57,143600
2019-02-15T10:30:00-02:00,8565,8575,8.5025,8.5475,278800
2019-02-15T11:00:00-02:00,8.5475,8575,8545,8545,138800
2019-02-15T11:30:00-02:00,8.5425,8.5425,8.5025,8.5225,152400
2019-02-15T12:00:00-02:00,8.5225,8525,8.52,8525,157200
2019-02-15T12:30:00-02:00,8525,8.55,8.5175,8.55,89600
2019-02-15T13:00:00-02:00,8.55,8.55,8.5425,8.55,233200
2019-02-15T13:30:00-02:00,8.55,8555,8.5325,8.5375,298000
2019-02-15T14:00:00-02:00,8.5375,8.5575,8.5375,8.55,274000
2019-02-15T14:30:00-02:00,8.55,8.55,8.5325,8.55,154000
2019-02-15T15:00:00-02:00,8.55,8.55,8.5425,8545,208800
2019-02-15T15:30:00-02:00,8.5475,8.55,8495,8.5125,2130400
2019-02-15T16:00:00-02:00,8.5125,8.5175,8.5075,8515,192000
2019-02-15T16:30:00-02:00,8.5125,8.52,8.51,8515,92800
2019-02-15T17:00:00-02:00,8.5125,8525,8.5,8.5025,406800
2019-02-15T17:30:00-02:00,8.5025,8.5175,8495,8515,303600
2019-02-18T10:00:00-03:00,8.5125,8555,8.4825,8.5,98000
2019-02-18T10:30:00-03:00,8505,8.58,8.5025,8555,62800
2019-02-18T11:00:00-03:00,8555,8.73,8.5025,8.68,554400
2019-02-18T11:30:00-03:00,8.6775,8.9075,8.6775,8.8275,349600
2019-02-18T12:00:00-03:00,8825,8.8325,8.6625,8.67,212000
2019-02-18T12:30:00-03:00,8.6625,8.6625,8.59,8.5975,153600
2019-02-18T13:00:00-03:00,8.59,8.5975,8.5625,8.57,108800
2019-02-18T13:30:00-03:00,8.57,8.58,8.5,8515,1442400
2019-02-18T14:00:00-03:00,8.51,8.5425,8.5,8515,130400
2019-02-18T14:30:00-03:00,8.5125,8.5425,8.51,8.54,59200
2019-02-18T15:00:00-03:00,8535,8.5775,8535,8.57,75600
2019-02-18T15:30:00-03:00,8565,8.5775,8555,8.5775,106400
2019-02-18T16:00:00-03:00,8.58,8.61,8.51,8.54,191600
2019-02-18T16:30:00-03:00,8.5375,8.5975,8.5375,8585,51600
2019-02-18T17:00:00-03:00,8585,8.5875,8.55,8565,72000
2019-02-18T17:30:00-03:00,8.57,8.61,8.5625,8.6,56800
2019-02-19T10:00:00-03:00,8625,8625,8.51,8515,100000
2019-02-19T10:30:00-03:00,8515,8.5475,8.5125,8.5225,74400
2019-02-19T11:00:00-03:00,8525,8.55,8525,8.53,105600
2019-02-19T11:30:00-03:00,8.5275,8.5275,8.5075,8.5075,1325200
2019-02-19T12:00:00-03:00,8.5125,8.52,8505,8.5125,150800
2019-02-19T12:30:00-03:00,8.5175,8.5175,8.44,8.48,322800
2019-02-19T13:00:00-03:00,8.48,8.4875,8.45,8.4575,81200
2019-02-19T13:30:00-03:00,8455,8475,8405,8.4725,198000
2019-02-19T14:00:00-03:00,8.4675,8475,8.45,8.4675,107200
2019-02-19T14:30:00-03:00,8.4675,8.4725,8.4175,8.42,1268000
2019-02-19T15:00:00-03:00,8.42,8.42,8.3375,8.35,283200
2019-02-19T15:30:00-03:00,8.3525,8.3975,8345,8.3925,218400
2019-02-19T16:00:00-03:00,8.3925,8425,8.3775,8.3775,108000
2019-02-19T16:30:00-03:00,8.3775,8.4375,8.3625,8.4325,300800
2019-02-19T17:00:00-03:00,8.43,8.4375,8.3675,8.3925,593600
2019-02-19T17:30:00-03:00,8.3925,8425,8.3575,8405,544800
2019-02-20T10:00:00-03:00,8.4375,8.4375,8.2575,8.3475,481600
2019-02-20T10:30:00-03:00,8345,8.3725,8.33,8355,79600
2019-02-20T11:00:00-03:00,8355,8.3625,8.3075,8335,75600
2019-02-20T11:30:00-03:00,8335,8375,8335,8.3575,74000
2019-02-20T12:00:00-03:00,8.3575,8.3625,8.2825,8.3025,590800
2019-02-20T12:30:00-03:00,8.3025,8305,8.2825,8.2925,196800
2019-02-20T13:00:00-03:00,8.2925,8.34,8.29,8.34,156400
2019-02-20T13:30:00-03:00,8.3425,8.3575,8.2925,8.2925,207200
2019-02-20T14:00:00-03:00,8.2925,8.3,8.2025,8.2075,319200
2019-02-20T14:30:00-03:00,8.2175,8225,8.1575,8.1625,258400
2019-02-20T15:00:00-03:00,8.1625,8.22,8.1375,8205,278400
2019-02-20T15:30:00-03:00,8.21,8.2125,8.1825,8195,145200
2019-02-20T16:00:00-03:00,8.2,8.22,8.18,8.1875,155200
2019-02-20T16:30:00-03:00,8.1875,8.19,8165,8165,642400
2019-02-20T17:00:00-03:00,8165,8175,8.1325,8.1375,808800
2019-02-20T17:30:00-03:00,8.1375,8155,8.1325,8.1375,366000
2019-02-21T10:00:00-03:00,8205,8.2975,8.1875,8.1875,222400
2019-02-21T10:30:00-03:00,8195,8195,8085,8.1025,280800
2019-02-21T11:00:00-03:00,8.1025,8125,8.0975,8.1225,201200
2019-02-21T11:30:00-03:00,8.1225,8125,8.0875,8.0875,56400
2019-02-21T12:00:00-03:00,8085,8.0875,8.0175,8025,124000
2019-02-21T12:30:00-03:00,8.0175,8025,8.0025,8.0125,95600
2019-02-21T13:00:00-03:00,8.0125,8.0275,8.0075,8025,104800
2019-02-21T13:30:00-03:00,8.0275,8045,8.0175,8.0225,73200
2019-02-21T14:00:00-03:00,8.0225,8025,7.98,7.99,161200
2019-02-21T14:30:00-03:00,7.9825,8.0025,7.98,7.9875,82400
2019-02-21T15:00:00-03:00,7.9875,8.0075,7.98,8.0025,107600
2019-02-21T15:30:00-03:00,8005,8025,7.99,8025,123600
2019-02-21T16:00:00-03:00,8.02,8.0425,8.0125,8.03,301200
2019-02-21T16:30:00-03:00,8.0375,8.0475,8.0225,8.03,279600
2019-02-21T17:00:00-03:00,8.0225,8095,8.0225,8095,239200
2019-02-21T17:30:00-03:00,8095,8165,8.0875,8.13,175200
2019-02-22T10:00:00-03:00,8.25,8.3375,8.1625,8.19,104800
2019-02-22T10:30:00-03:00,8185,8.2125,8.1625,8.2,51200
2019-02-22T11:00:00-03:00,8205,8235,8.09,8.13,273600
2019-02-22T11:30:00-03:00,8.1025,8.1125,8.01,8.0625,2279600
2019-02-22T12:00:00-03:00,8.07,8.1,8.05,8.1,94400
2019-02-22T12:30:00-03:00,8.0875,8.15,8.0875,8.1225,112800
2019-02-22T13:00:00-03:00,8.1175,8.16,8.11,8.12,108000
2019-02-22T13:30:00-03:00,8.12,8135,8.1,8125,82800
2019-02-22T14:00:00-03:00,8125,8155,8.1225,8.1325,86000
2019-02-22T14:30:00-03:00,8135,8.14,8055,8.1075,1928000
2019-02-22T15:00:00-03:00,8.1075,8.1875,8.1075,8.1825,233600
2019-02-22T15:30:00-03:00,8185,8185,8145,8155,70400
2019-02-22T16:00:00-03:00,8.1625,8.1625,8.1275,8.1425,108000
2019-02-22T16:30:00-03:00,8.1475,8.1675,8115,8.1525,164000
2019-02-22T17:00:00-03:00,8.1575,8.21,8.1575,8.1975,222800
2019-02-22T17:30:00-03:00,8.1975,8.22,8.1825,8.1925,210000
2019-02-25T10:00:00-03:00,8.2775,8.2875,8.09,8.09,122800
2019-02-25T10:30:00-03:00,8.0775,8.1,8065,8075,164800
2019-02-25T11:00:00-03:00,8.0775,8.1025,8.05,8.1,107600
2019-02-25T11:30:00-03:00,8.1,8.1225,8095,8.11,92000
2019-02-25T12:00:00-03:00,8.11,8135,8.11,8.13,50400
2019-02-25T12:30:00-03:00,8135,8165,8.1225,8.16,48400
2019-02-25T13:00:00-03:00,8.1625,8.2475,8.16,8.2475,169200
2019-02-25T13:30:00-03:00,8.2425,8.26,8225,8225,144000
2019-02-25T14:00:00-03:00,8225,8.24,8.12,8.12,374800
2019-02-25T14:30:00-03:00,8125,8.1375,8.1,8.11,216800
2019-02-25T15:00:00-03:00,8.1125,8125,8.1,8.1025,177600
2019-02-25T15:30:00-03:00,8.1025,8.1025,7995,8.01,383200
2019-02-25T16:00:00-03:00,8015,8.0675,8015,8.0625,102800
2019-02-25T16:30:00-03:00,8065,8.1625,8.06,8.1475,334400
2019-02-25T17:00:00-03:00,8.1575,8185,8115,8.12,157600
2019-02-25T17:30:00-03:00,8125,8145,8095,8145,178000
2019-02-26T10:00:00-03:00,8.1625,8205,8115,8.16,52400
2019-02-26T10:30:00-03:00,8155,8155,8.08,8.0875,33200
2019-02-26T11:00:00-03:00,8.08,8105,8045,8055,103200
2019-02-26T11:30:00-03:00,8.0575,8.0625,8.03,8045,118400
2019-02-26T12:00:00-03:00,8.0525,8.0775,8.05,8.07,89200
2019-02-26T12:30:00-03:00,8075,8.1025,8075,8.0925,1547600
2019-02-26T13:00:00-03:00,8.09,8.14,8.09,8115,28800
2019-02-26T13:30:00-03:00,8.1225,8.14,8105,8.1175,31200
2019-02-26T14:00:00-03:00,8.1225,8.1375,8.11,8.13,43200
2019-02-26T14:30:00-03:00,8.1375,8.1525,8135,8.1425,28000
2019-02-26T15:00:00-03:00,8145,8155,8.1225,8135,40400
2019-02-26T15:30:00-03:00,8135,8.14,8.1175,8135,87200
2019-02-26T16:00:00-03:00,8.1375,8.15,8135,8.1375,31200
2019-02-26T16:30:00-03:00,8145,8.1525,8135,8135,71600
2019-02-26T17:00:00-03:00,8135,8.1625,8.1175,8.1625,93200
2019-02-26T17:30:00-03:00,8.1625,8.1625,8135,8.1575,104400
2019-02-27T10:00:00-03:00,8.1825,8.1825,8.1,8.1225,92800
2019-02-27T10:30:00-03:00,8.1175,8145,8.1,8.11,134400
2019-02-27T11:00:00-03:00,8.11,8145,8.1,8145,68800
2019-02-27T11:30:00-03:00,8.1425,8.2675,8.1425,8.2225,311200
2019-02-27T12:00:00-03:00,8.2225,8.3675,8195,8.3675,579200
2019-02-27T12:30:00-03:00,8.3675,8.4875,8.3675,8.4125,356000
2019-02-27T13:00:00-03:00,8.4175,8.4675,8.41,8445,134400
2019-02-27T13:30:00-03:00,8445,8.5525,8445,8.5525,252400
2019-02-27T14:00:00-03:00,8.5575,8.5625,8.5375,8.56,728400
2019-02-27T14:30:00-03:00,8.56,8.5625,8.5425,8.55,287200
2019-02-27T15:00:00-03:00,8.55,8.5625,8.5475,8.5625,404800
2019-02-27T15:30:00-03:00,8.5625,8.7325,8.5575,8.6975,680000
2019-02-27T16:00:00-03:00,8.7,8.7,8.55,8.56,545200
2019-02-27T16:30:00-03:00,8.5625,8.5625,8545,8.56,269200
2019-02-27T17:00:00-03:00,8.56,8.5625,8545,8.5625,262000
2019-02-27T17:30:00-03:00,8.5625,8.5625,8545,8.5625,259200
2019-02-28T10:00:00-03:00,8.56,8.5625,8.3775,8.4075,225600
2019-02-28T10:30:00-03:00,8.3925,8.4575,8.3625,8.4075,118000
2019-02-28T11:00:00-03:00,8.4175,8.48,8.4175,8.45,74400
2019-02-28T11:30:00-03:00,8.4525,8.53,8.45,8515,133200
2019-02-28T12:00:00-03:00,8505,8.52,8485,8.4925,66000
2019-02-28T12:30:00-03:00,8.4925,8.5075,8.4875,8.5,51600
2019-02-28T13:00:00-03:00,8.5,8.5125,8.48,8.51,72400
2019-02-28T13:30:00-03:00,8515,8.5575,8515,8.5475,76800
2019-02-28T14:00:00-03:00,8.5525,8.5625,8.5325,8535,144000
2019-02-28T14:30:00-03:00,8.5425,8.55,8.5325,8.5425,132000
2019-02-28T15:00:00-03:00,8.5425,8.5625,8535,8.56,151200
2019-02-28T15:30:00-03:00,8.56,8.5625,8535,8.5525,137200
2019-02-28T16:00:00-03:00,8.5525,8.5525,8.49,8.5,224400
2019-02-28T16:30:00-03:00,8.4975,8.5125,8435,8.4825,215600
2019-02-28T17:00:00-03:00,8.4775,8495,8.4475,8.4575,222000
2019-02-28T17:30:00-03:00,8455,8.5175,8.4425,8.4975,268400
2019-03-01T10:00:00-03:00,8.56,8.56,8.4625,8.5,158800
2019-03-01T10:30:00-03:00,8.5,8.51,8.3575,8.5075,167200
2019-03-01T11:00:00-03:00,8.5,8.5275,8.4675,8495,1166400
2019-03-01T11:30:00-03:00,8.4925,8.5125,8.4,8.4125,116800
2019-03-01T12:00:00-03:00,8.41,8445,8395,8.42,124400
2019-03-01T12:30:00-03:00,8.42,8.5125,8395,8505,214400
2019-03-01T13:00:00-03:00,8505,8.5475,8.49,8.5375,721200
2019-03-01T13:30:00-03:00,8535,8.5425,8.52,8.53,188400
2019-03-01T14:00:00-03:00,8.5325,8.5525,8.5125,8.5225,161600
2019-03-01T14:30:00-03:00,8.5175,8525,8.47,8.4825,123200
2019-03-01T15:00:00-03:00,8475,8515,8.46,8.46,407200
2019-03-01T15:30:00-03:00,8.46,8.4775,8.4475,8455,138000
2019-03-01T16:00:00-03:00,8.4525,8.5,8445,8495,108800
2019-03-01T16:30:00-03:00,8495,8495,8.4575,8.4625,109600
2019-03-01T17:00:00-03:00,8.4625,8515,8425,8465,254000
2019-03-01T17:30:00-03:00,8.4675,8495,8.4425,8455,247600
2019-03-06T13:00:00-03:00,8.5025,8.5175,8.29,8.3575,321200
2019-03-06T13:30:00-03:00,8.3575,8365,8.34,8.34,448400
2019-03-06T14:00:00-03:00,8.34,8345,8.29,8295,216000
2019-03-06T14:30:00-03:00,8295,8305,8.2825,8.29,153600
2019-03-06T15:00:00-03:00,8.29,8.29,8.2,8255,263200
2019-03-06T15:30:00-03:00,8255,8.2575,8.2325,8.25,174000
2019-03-06T16:00:00-03:00,8.2475,8295,8.24,8295,241600
2019-03-06T16:30:00-03:00,8295,8.33,8.2875,8.3275,330800
2019-03-06T17:00:00-03:00,8.33,8.3925,8325,8.3875,786000
2019-03-06T17:30:00-03:00,8385,8.4,8.2625,8.3625,354000
2019-03-07T10:00:00-03:00,8415,8425,8325,8335,455200
2019-03-07T10:30:00-03:00,8.32,8.3325,8.2775,8.29,171200
2019-03-07T11:00:00-03:00,8.29,8.29,8.24,8.2525,121200
2019-03-07T11:30:00-03:00,8255,8.2575,8.1875,8.1875,4053200
2019-03-07T12:00:00-03:00,8185,8.2025,8.18,8.2,169200
2019-03-07T12:30:00-03:00,8.2,8.2475,8.15,8.2475,510400
2019-03-07T13:00:00-03:00,8.2475,8.26,8.2275,8.26,95600
2019-03-07T13:30:00-03:00,8.26,8.26,8.2125,8215,128000
2019-03-07T14:00:00-03:00,8215,8215,8.1725,8.1775,190800
2019-03-07T14:30:00-03:00,8.18,8.21,8.16,8.1625,181600
2019-03-07T15:00:00-03:00,8.16,8.1925,8.14,8.1475,194800
2019-03-07T15:30:00-03:00,8.1475,8.2,8.1425,8185,198000
2019-03-07T16:00:00-03:00,8.1875,8225,8.1875,8.2025,1092400
2019-03-07T16:30:00-03:00,8.2025,8.2175,8.18,8.21,177200
2019-03-07T17:00:00-03:00,8.21,8.23,8.2,8.2125,1306800
2019-03-07T17:30:00-03:00,8.2125,8215,8.1425,8.1575,349200
2019-03-08T10:00:00-03:00,8125,8.1375,8.11,8.1125,84000
2019-03-08T10:30:00-03:00,8.1125,8.1425,8.0275,8.0425,150400
2019-03-08T11:00:00-03:00,8035,8.05,8.01,8.05,83200
2019-03-08T11:30:00-03:00,8.0475,8.1025,8035,8.05,164000
2019-03-08T12:00:00-03:00,8045,8.0825,8.0425,8.0775,106800
2019-03-08T12:30:00-03:00,8.08,8.1125,8.07,8.1,127200
2019-03-08T13:00:00-03:00,8.0975,8.1175,8.0725,8075,128000
2019-03-08T13:30:00-03:00,8075,8.1175,8065,8095,92400
2019-03-08T14:00:00-03:00,8.09,8.0925,8.05,8055,102800
2019-03-08T14:30:00-03:00,8055,8.08,8035,8.0675,154800
2019-03-08T15:00:00-03:00,8.0675,8075,8.0625,8065,1037200
2019-03-08T15:30:00-03:00,8065,8.0975,8.0625,8.09,77200
2019-03-08T16:00:00-03:00,8.0925,8.0975,8.0825,8.0875,132800
2019-03-08T16:30:00-03:00,8.0875,8.1525,8085,8.1475,496400
2019-03-08T17:00:00-03:00,8.1475,8215,8.1425,8.2125,438000
2019-03-08T17:30:00-03:00,8215,8215,8.1675,8.2025,801200
2019-03-11T10:00:00-03:00,8.2,8.2,8.15,8.1625,56400
2019-03-11T10:30:00-03:00,8.17,8215,8.17,8.1875,114000
2019-03-11T11:00:00-03:00,8.1875,8.1875,8.12,8155,298000
2019-03-11T11:30:00-03:00,8.1575,8175,8.1,8.1225,262000
2019-03-11T12:00:00-03:00,8.1225,8.18,8.1225,8.15,109600
2019-03-11T12:30:00-03:00,8.1525,8155,8.1425,8145,63200
2019-03-11T13:00:00-03:00,8145,8145,8.04,8.0525,227600
2019-03-11T13:30:00-03:00,8.0525,8.0775,8025,8.0575,288800
2019-03-11T14:00:00-03:00,8.05,8.1075,8045,8.0875,230400
2019-03-11T14:30:00-03:00,8.0875,8125,8.0825,8.12,1311200
2019-03-11T15:00:00-03:00,8.1175,8.2425,8.1175,8.18,938000
2019-03-11T15:30:00-03:00,8.18,8.2075,8.1725,8.2,671600
2019-03-11T16:00:00-03:00,8.2,8.42,8.1975,8.3475,2138400
2019-03-11T16:30:00-03:00,8.3525,8.4725,8305,8.4575,1227200
2019-03-11T17:00:00-03:00,8.45,8.45,8.45,8.45,453200
2019-03-12T10:00:00-03:00,8.4875,8.4875,8.3725,8.4325,98800
2019-03-12T10:30:00-03:00,8435,8.4525,8345,8.3625,132400
2019-03-12T11:00:00-03:00,8.3625,8.4,8.3125,8.4,139200
2019-03-12T11:30:00-03:00,8.4,8.4525,8385,8405,836000
2019-03-12T12:00:00-03:00,8.4075,8.41,8.36,8.3875,162000
2019-03-12T12:30:00-03:00,8385,8405,8.3325,8.36,193600
2019-03-12T13:00:00-03:00,8365,8.3725,8335,8.35,185600
2019-03-12T13:30:00-03:00,8.3525,8.3825,8.3425,8.3475,192800
2019-03-12T14:00:00-03:00,8.3475,8.3675,8.3075,8.3375,191600
2019-03-12T14:30:00-03:00,8.3375,8365,8.31,8.34,194400
2019-03-12T15:00:00-03:00,8.34,8385,8.34,8365,186800
2019-03-12T15:30:00-03:00,8.3675,8375,8335,8.3475,201200
2019-03-12T16:00:00-03:00,8.3475,8.3975,8.34,8.37,4730400
2019-03-12T16:30:00-03:00,8.3775,8.3875,8.3625,8.3875,258800
2019-03-12T17:00:00-03:00,8.3675,8.3675,8.3675,8.3675,430400
2019-03-13T10:00:00-03:00,8375,8.4375,8.3425,8375,81600
2019-03-13T10:30:00-03:00,8.3675,8.4425,8.3625,8405,336000
2019-03-13T11:00:00-03:00,8.4,8.42,8.3575,8.36,84000
2019-03-13T11:30:00-03:00,8.36,8375,8.3425,8.3425,91200
2019-03-13T12:00:00-03:00,8.3425,8.3625,8315,8.3625,111200
2019-03-13T12:30:00-03:00,8.3625,8.37,8.3275,8335,92000
2019-03-13T13:00:00-03:00,8335,8.3475,8.3,8.34,88800
2019-03-13T13:30:00-03:00,8.34,8.34,8.2775,8.2975,88400
2019-03-13T14:00:00-03:00,8.3,8.31,8.2875,8.3,85200
2019-03-13T14:30:00-03:00,8.2975,8355,8.2975,8.3375,111600
2019-03-13T15:00:00-03:00,8.34,8.4225,8.34,8.42,2320800
2019-03-13T15:30:00-03:00,8.4225,8475,8.4125,8.4525,848000
2019-03-13T16:00:00-03:00,8.45,8.48,8.4425,8.45,1904400
2019-03-13T16:30:00-03:00,8.4525,8.5625,8.4475,8.5625,621200
2019-03-13T17:00:00-03:00,8.5625,8.5625,8.5625,8.5625,764800
2019-03-14T10:00:00-03:00,8.56,8.56,8475,8.53,70400
2019-03-14T10:30:00-03:00,8.5375,8555,8.5175,8.55,87200
2019-03-14T11:00:00-03:00,8545,8.55,8515,8535,73600
2019-03-14T11:30:00-03:00,8.5375,8.55,8515,8.5175,69200
2019-03-14T12:00:00-03:00,8.5175,8.56,8515,8.5425,63200
2019-03-14T12:30:00-03:00,8.5425,8.55,8.5175,8.55,244800
2019-03-14T13:00:00-03:00,8555,8.5625,8.54,8555,195200
2019-03-14T13:30:00-03:00,8.5525,8.56,8545,8.5575,52800
2019-03-14T14:00:00-03:00,8.5625,8.5625,8.5125,8515,70000
2019-03-14T14:30:00-03:00,8.5175,8.53,8.5,8505,68000
2019-03-14T15:00:00-03:00,8.5025,8515,8.4725,8.51,123600
2019-03-14T15:30:00-03:00,8.5125,8515,8.4775,8.4925,98000
2019-03-14T16:00:00-03:00,8.4925,8515,8.49,8.51,113200
2019-03-14T16:30:00-03:00,8.5125,8555,8.51,8.5425,119600
2019-03-14T17:00:00-03:00,8.52,8.52,8.52,8.52,89600
2019-03-15T10:00:00-03:00,8.5625,8.5625,8495,8.55,102400
2019-03-15T10:30:00-03:00,8.55,8.55,8.54,8.5475,188800
2019-03-15T11:00:00-03:00,8545,8.55,8525,8.5425,311200
2019-03-15T11:30:00-03:00,8.5425,8.5525,8.5425,8.5475,212800
2019-03-15T12:00:00-03:00,8.5475,8.55,8525,8.5475,151600
2019-03-15T12:30:00-03:00,8.55,8.55,8.5275,8.5475,117200
2019-03-15T13:00:00-03:00,8.55,8.55,8.54,8.5475,172800
2019-03-15T13:30:00-03:00,8.55,8605,8545,8605,1422400
2019-03-15T14:00:00-03:00,8605,8.6625,8605,8.65,200800
2019-03-15T14:30:00-03:00,8.65,8.7625,8625,8.6825,7591200
2019-03-15T15:00:00-03:00,8.6875,8.8425,8.6875,8.8,194400
2019-03-15T15:30:00-03:00,8.7975,8.81,8.7625,8.8,240400
2019-03-15T16:00:00-03:00,8.7975,8.8025,8.7925,8.8,275600
2019-03-15T16:30:00-03:00,8.8,8.81,8.7925,8.8,684000
2019-03-15T17:00:00-03:00,8.8675,8.8675,8.8675,8.8675,1345200
2019-03-18T10:00:00-03:00,8875,8925,8.7675,8.85,162000
2019-03-18T10:30:00-03:00,8.8525,8915,8825,8.8275,715200
2019-03-18T11:00:00-03:00,8.8275,8.89,8825,8875,225200
2019-03-18T11:30:00-03:00,8875,8925,8875,8.9,292800
2019-03-18T12:00:00-03:00,8.9,8925,8.9,8.9225,142000
2019-03-18T12:30:00-03:00,8.9175,8.92,8.9,8.9125,110400
2019-03-18T13:00:00-03:00,8.91,8925,8.9,8925,153600
2019-03-18T13:30:00-03:00,8.92,8.9225,8.9025,8.9225,140400
2019-03-18T14:00:00-03:00,8.92,8925,8.84,8855,1030000
2019-03-18T14:30:00-03:00,8.8475,8.9675,8.8325,8.93,365600
2019-03-18T15:00:00-03:00,8.9375,9.05,8915,9.0475,458000
2019-03-18T15:30:00-03:00,9045,9.05,9005,9.0375,385200
2019-03-18T16:00:00-03:00,9.0325,9.05,9.0225,9045,333200
2019-03-18T16:30:00-03:00,9.0475,9.05,9025,9.05,266800
2019-03-18T17:00:00-03:00,9.05,9.05,9.05,9.05,192000
2019-03-19T10:00:00-03:00,9045,9045,8.95,8995,77200
2019-03-19T10:30:00-03:00,8.9975,9.02,8.98,9.01,62000
2019-03-19T11:00:00-03:00,9.0125,9.0325,9.0125,9.0175,48800
2019-03-19T11:30:00-03:00,9.0125,9.04,9.0075,9.0325,29600
2019-03-19T12:00:00-03:00,9.0375,9.0475,9.0275,9.0475,38400
2019-03-19T12:30:00-03:00,9.0425,9.05,9.0275,9.0375,113600
2019-03-19T13:00:00-03:00,9.0425,9.05,9.0375,9.05,129600
2019-03-19T13:30:00-03:00,9.05,9.05,9.0375,9.05,153600
2019-03-19T14:00:00-03:00,9.05,9.05,9.0425,9.05,87200
2019-03-19T14:30:00-03:00,9.05,9.05,9.0475,9.05,79200
2019-03-19T15:00:00-03:00,9.05,9.0925,9.0475,9.08,1314800
2019-03-19T15:30:00-03:00,9.08,9155,9.08,9.1325,85200
2019-03-19T16:00:00-03:00,9.1325,9.1325,9.0375,9.04,422800
2019-03-19T16:30:00-03:00,9.0375,9.0625,9.0325,9.04,157200
2019-03-19T17:00:00-03:00,9075,9075,9075,9075,367600
2019-03-20T10:00:00-03:00,9075,9.0875,8.9825,9.0175,126000
2019-03-20T10:30:00-03:00,9.0175,9.05,8.9925,9.0275,99600
2019-03-20T11:00:00-03:00,9.03,9.03,8.9675,9.0075,127600
2019-03-20T11:30:00-03:00,9.01,9.02,8.9725,9005,132400
2019-03-20T12:00:00-03:00,9005,9.0325,9,9.0225,197200
2019-03-20T12:30:00-03:00,9025,9.0325,8.98,9,240000
2019-03-20T13:00:00-03:00,8.9975,9,8.97,8.9825,1732000
2019-03-20T13:30:00-03:00,8.9875,9.0225,8.98,9.0075,132800
2019-03-20T14:00:00-03:00,9.01,9.0275,9,9.0075,75200
2019-03-20T14:30:00-03:00,9.0075,9.0275,9,9.02,110000
2019-03-20T15:00:00-03:00,9025,9.0625,9.0175,9.0425,365600
2019-03-20T15:30:00-03:00,9.0425,9.0475,9025,9.0425,132400
2019-03-20T16:00:00-03:00,9.04,9.04,9.0025,9005,136800
2019-03-20T16:30:00-03:00,9,9.0375,8.98,9025,195200
2019-03-20T17:00:00-03:00,9.0375,9.0375,9.0375,9.0375,88400
2019-03-21T10:00:00-03:00,9.0475,9.0475,8.9325,8.97,69600
2019-03-21T10:30:00-03:00,8.97,8.97,8865,8.9475,154000
2019-03-21T11:00:00-03:00,8.95,8.9525,8.8025,8.82,184000
2019-03-21T11:30:00-03:00,8.81,8835,8.72,8785,232800
2019-03-21T12:00:00-03:00,8795,8825,8.73,8.75,460800
2019-03-21T12:30:00-03:00,8.75,8.7575,8705,8.7075,222000
2019-03-21T13:00:00-03:00,8.7125,8.7175,8.6225,8.6475,308400
2019-03-21T13:30:00-03:00,8.6475,8.71,8.6475,8.7,175200
2019-03-21T14:00:00-03:00,8.7,8.7525,8.7,8.7325,235200
2019-03-21T14:30:00-03:00,8.74,8.8125,8.7275,8795,270800
2019-03-21T15:00:00-03:00,8795,8.81,8.7875,8805,192000
2019-03-21T15:30:00-03:00,8805,8.8325,8.7875,8825,406000
2019-03-21T16:00:00-03:00,8825,8855,8.8,8.8525,163600
2019-03-21T16:30:00-03:00,8.8525,8.9075,8825,8.8775,511600
2019-03-21T17:00:00-03:00,8875,8875,8875,8875,209200
2019-03-22T10:00:00-03:00,8.87,8.87,8.7075,8.7625,226800
2019-03-22T10:30:00-03:00,8.77,8.8075,8.74,8.75,156000
2019-03-22T11:00:00-03:00,8755,8.7825,8725,8735,219200
2019-03-22T11:30:00-03:00,8.7275,8.7525,8.6875,8695,150000
2019-03-22T12:00:00-03:00,8.6975,8.7475,8.6975,8735,168800
2019-03-22T12:30:00-03:00,8.73,8.74,8.7025,8.7075,194800
2019-03-22T13:00:00-03:00,8.7075,8.75,8705,8.7125,210000
2019-03-22T13:30:00-03:00,8.71,8.72,8.68,8695,235600
2019-03-22T14:00:00-03:00,8.6975,8.7275,8695,8.7275,56000
2019-03-22T14:30:00-03:00,8.7275,8.74,8.6975,8.7075,113200
2019-03-22T15:00:00-03:00,8.7025,8.73,8.6875,8.73,155200
2019-03-22T15:30:00-03:00,8.7275,8.7275,8.6975,8715,156400
2019-03-22T16:00:00-03:00,8.7175,8.74,8715,8.7275,284800
2019-03-22T16:30:00-03:00,8725,8.79,8.7025,8.75,502000
2019-03-22T17:00:00-03:00,8.7375,8.7375,8.7375,8.7375,450400
2019-03-25T10:00:00-03:00,8995,9.04,8565,8.6625,98400
2019-03-25T10:30:00-03:00,8665,8815,8665,8765,117200
2019-03-25T11:00:00-03:00,8.7675,8.8025,8.7625,8.8025,53600
2019-03-25T11:30:00-03:00,8.8325,8.8575,8.75,8.7975,131600
2019-03-25T12:00:00-03:00,8795,8.8375,8.7625,8.7875,109600
2019-03-25T12:30:00-03:00,8.7875,8.7875,8.7375,8.7475,120000
2019-03-25T13:00:00-03:00,8745,8.8,8735,8.7925,80800
2019-03-25T13:30:00-03:00,8.7925,8795,8.7425,8.78,149600
2019-03-25T14:00:00-03:00,8.7775,8.7825,8.7225,8.7225,3018800
2019-03-25T14:30:00-03:00,8.72,8755,8675,8.7525,309200
2019-03-25T15:00:00-03:00,8.7525,8.7525,8.7125,8725,209200
2019-03-25T15:30:00-03:00,8.7275,8.75,8725,8.74,190800
2019-03-25T16:00:00-03:00,8.74,8745,8.7075,8.7175,204000
2019-03-25T16:30:00-03:00,8.7175,8735,8715,8.72,233200
2019-03-25T17:00:00-03:00,8.77,8.77,8.77,8.77,380000
2019-03-26T10:00:00-03:00,8.8425,8875,8.81,8.8675,28400
2019-03-26T10:30:00-03:00,8865,8.91,8.7925,8.8925,617200
2019-03-26T11:00:00-03:00,8.8975,8.9375,8.8275,8.8675,290000
2019-03-26T11:30:00-03:00,8.87,8875,8855,8875,243200
2019-03-26T12:00:00-03:00,8875,8925,8.87,8.9225,723200
2019-03-26T12:30:00-03:00,8.9225,9.04,8.9225,9.03,346400
2019-03-26T13:00:00-03:00,9.03,9.05,9.0175,9035,312400
2019-03-26T13:30:00-03:00,9035,9.05,9.0325,9.0475,574000
2019-03-26T14:00:00-03:00,9.05,9.05,9045,9.05,1011600
2019-03-26T14:30:00-03:00,9.05,9.0625,9.0475,9.0625,513600
2019-03-26T15:00:00-03:00,9.06,9.0625,9.0575,9.0575,323600
2019-03-26T15:30:00-03:00,9.06,9.0625,9.06,9.06,303600
2019-03-26T16:00:00-03:00,9.0625,9.0625,9.06,9.06,584400
2019-03-26T16:30:00-03:00,9.0625,9.0625,9.0475,9.0575,423600
2019-03-26T17:00:00-03:00,9.0625,9.0625,9.0625,9.0625,241200
2019-03-27T10:00:00-03:00,9.0425,9.0425,8.9625,9,244000
2019-03-27T10:30:00-03:00,8.9975,9.01,8.9625,8.98,208400
2019-03-27T11:00:00-03:00,8.98,8.98,8855,8855,370400
2019-03-27T11:30:00-03:00,8855,8855,8635,8.6825,375200
2019-03-27T12:00:00-03:00,8.6825,8705,8585,8.61,530000
2019-03-27T12:30:00-03:00,8.61,8.6675,8.55,8.58,365200
2019-03-27T13:00:00-03:00,8575,8.6075,8.55,8.58,479600
2019-03-27T13:30:00-03:00,8595,8625,8.55,8.6,898000
2019-03-27T14:00:00-03:00,8.5925,8.6125,8555,8585,333200
2019-03-27T14:30:00-03:00,8585,8.6375,8585,8.62,518000
2019-03-27T15:00:00-03:00,8.6175,8625,8605,8.6075,204800
2019-03-27T15:30:00-03:00,8.61,8.6175,8.4975,8.5425,1058400
2019-03-27T16:00:00-03:00,8.5425,8.55,8.47,8.4725,1431600
2019-03-27T16:30:00-03:00,8.4725,8.5025,8405,8.45,523200
2019-03-27T17:00:00-03:00,8.45,8.45,8.45,8.45,759200
2019-03-28T10:00:00-03:00,8.4625,8.5275,8.43,8.4825,79600
2019-03-28T10:30:00-03:00,8.48,8.48,8.29,8445,469600
2019-03-28T11:00:00-03:00,8.45,8545,8.45,8.51,191600
2019-03-28T11:30:00-03:00,8515,8.5375,8.51,8525,106000
2019-03-28T12:00:00-03:00,8.53,8.5325,8.43,8.48,385200
2019-03-28T12:30:00-03:00,8.48,8505,8.44,8.4475,149600
2019-03-28T13:00:00-03:00,8.4475,8.5125,8445,8.5,61600
2019-03-28T13:30:00-03:00,8495,8525,8415,8.5175,217200
2019-03-28T14:00:00-03:00,8.5275,8545,8.51,8.5175,118000
2019-03-28T14:30:00-03:00,8.5175,8545,8.5125,8.54,120000
2019-03-28T15:00:00-03:00,8535,8.55,8515,8.55,504000
2019-03-28T15:30:00-03:00,8.55,8.55,8.5175,8.55,1132800
2019-03-28T16:00:00-03:00,8.55,8.55,8.5275,8.5475,1448400
2019-03-28T16:30:00-03:00,8.5475,8.7,8.54,8.6675,1972000
2019-03-28T17:00:00-03:00,8.6325,8.6325,8.6325,8.6325,310000
2019-03-29T10:00:00-03:00,8.75,8.84,8675,8.7075,214000
2019-03-29T10:30:00-03:00,8.69,8.8,8.66,8.8,78400
2019-03-29T11:00:00-03:00,8.8,8875,8.7475,8.8325,166800
2019-03-29T11:30:00-03:00,8.8325,8.9,8.82,8.8275,358000
2019-03-29T12:00:00-03:00,8.83,8.83,8765,8.7725,130000
2019-03-29T12:30:00-03:00,8.7725,8.8125,8.7625,8.8,94800
2019-03-29T13:00:00-03:00,8795,8.8,8.7025,8.7225,90400
2019-03-29T13:30:00-03:00,8725,8765,8.7025,8.7325,86000
2019-03-29T14:00:00-03:00,8.7275,8.7325,8.66,8.67,131600
2019-03-29T14:30:00-03:00,8.67,8.8,8.6575,8795,627200
2019-03-29T15:00:00-03:00,8.7875,8.8775,8.7475,8.85,400000
2019-03-29T15:30:00-03:00,8.85,8875,8.8275,8875,438800
2019-03-29T16:00:00-03:00,8875,9.01,8865,8.9925,691600
2019-03-29T16:30:00-03:00,8.9925,9025,8.97,9.02,662800
2019-03-29T17:00:00-03:00,9.05,9.05,9.05,9.05,255600
